id,nombre,apellido
1,Sofía,Pérez
2,Mateo,Sánchez
3,Sofía,Rodríguez
4,Pedro,Pérez
5,María,Fernández
6,Mateo,Pérez
7,Luis,García
8,Valentina,López
9,María,Martínez
10,Mateo,Rodríguez
11,Valentina,Fernández
12,María,López
13,Ana,Martínez
14,Ana,García
15,Lucas,Rodríguez
16,María,López
17,Camila,Sánchez
18,Valentina,García
19,Mateo,Martínez
20,Camila,Pérez
21,Mateo,Pérez
22,Sofía,Sánchez
23,Luis,Rodríguez
24,Luis,Fernández
25,María,Fernández
26,Pedro,Sánchez
27,Juan,García
28,Sofía,Rodríguez
29,Pedro,Pérez
30,Ana,Rodríguez
31,Mateo,Pérez
32,Mateo,Rodríguez
33,Pedro,Gómez
34,Juan,Fernández
35,Pedro,Sánchez
36,María,Fernández
37,Camila,López
38,María,García
39,Sofía,Sánchez
40,Juan,Gómez
41,Ana,López
42,Valentina,Pérez
43,Valentina,Martínez
44,Pedro,García
45,María,Fernández
46,Valentina,Gómez
47,Camila,Sánchez
48,Mateo,Sánchez
49,Mateo,García
50,Sofía,Sánchez
51,Sofía,Martínez
52,Valentina,Rodríguez
53,Juan,López
54,Ana,Martínez
55,Sofía,Rodríguez
56,Sofía,Gómez
57,Valentina,Gómez
58,Camila,Rodríguez
59,Luis,López
60,Ana,López
61,Valentina,Gómez
62,Valentina,García
63,Juan,García
64,Juan,Pérez
65,Ana,López
66,Pedro,Sánchez
67,Lucas,García
68,Sofía,Rodríguez
69,María,García
70,Pedro,Fernández
71,Valentina,Martínez
72,Lucas,Martínez
73,María,García
74,Lucas,Sánchez
75,Pedro,López
76,Pedro,García
77,Sofía,Fernández
78,María,Fernández
79,Ana,Martínez
80,Camila,Martínez
81,Mateo,Rodríguez
82,Lucas,López
83,Valentina,Pérez
84,Valentina,Pérez
85,Ana,García
86,Sofía,Gómez
87,María,García
88,Juan,Pérez
89,Valentina,Fernández
90,Sofía,López
91,Sofía,Martínez
92,María,Rodríguez
93,Luis,Fernández
94,Lucas,Rodríguez
95,Valentina,Sánchez
96,María,Sánchez
97,Ana,Martínez
98,María,Rodríguez
99,Pedro,Pérez
100,Mateo,García
